team_id,team_url,team_name,league_id,league_name,league_level,nationality_id,nationality_name,overall,attack,midfield,defence,coach_id,rival_team
1,/team/1/arsenal/240002,Arsenal,13,Premier League,1,14,England,82,82,84,81,307,18
2,/team/2/aston-villa/240002,Aston Villa,13,Premier League,1,14,England,80,82,79,79,455907,109
3,/team/3/blackburn-rovers/240002,Blackburn Rovers,14,Championship,2,14,England,69,70,69,70,23174,1796
4,/team/4/bolton-wanderers/240002,Bolton Wanderers,60,League One,3,14,England,66,67,65,65,491,1917
5,/team/5/chelsea/240002,Chelsea,13,Premier League,1,14,England,80,77,81,78,2922,1
7,/team/7/everton/240002,Everton,13,Premier League,1,14,England,77,79,77,75,455461,9
8,/team/8/leeds-united/240002,Leeds United,14,Championship,2,14,England,73,72,72,72,460535,1939
9,/team/9/liverpool/240002,Liverpool,13,Premier League,1,14,England,83,84,82,84,455353,11
10,/team/10/manchester-city/240002,Manchester City,13,Premier League,1,14,England,85,87,86,83,455361,11
11,/team/11/manchester-united/240002,Manchester United,13,Premier League,1,14,England,82,82,83,80,456113,9
12,/team/12/middlesbrough/240002,Middlesbrough,14,Championship,2,14,England,71,69,70,71,645,13
13,/team/13/newcastle-united/240002,Newcastle United,13,Premier League,1,14,England,81,79,81,82,523911,106
14,/team/14/nottingham-forest/240002,Nottingham Forest,13,Premier League,1,14,England,77,75,77,75,37250724,91
15,/team/15/queens-park-rangers/240002,Queens Park Rangers,14,Championship,2,14,England,69,67,68,69,1819,144
17,/team/17/southampton/240002,Southampton,14,Championship,2,14,England,73,71,70,74,904,1790
18,/team/18/tottenham-hotspur/240002,Tottenham Hotspur,13,Premier League,1,14,England,81,81,80,79,938,1
19,/team/19/west-ham-united/240002,West Ham United,13,Premier League,1,14,England,78,78,79,78,455355,97
21,/team/21/fc-bayern-munchen/240002,FC Bayern M√ºnchen,19,Bundesliga,1,21,Germany,84,90,84,83,523937,22
22,/team/22/borussia-dortmund/240002,Borussia Dortmund,19,Bundesliga,1,21,Germany,81,81,81,81,417317,34
23,/team/23/borussia-monchengladbach/240002,Borussia M√∂nchengladbach,19,Bundesliga,1,21,Germany,76,75,76,75,10966287,31
25,/team/25/sc-freiburg/240002,SC Freiburg,19,Bundesliga,1,21,Germany,76,76,76,77,460197,36
27,/team/27/hansa-rostock/240002,Hansa Rostock,20,2. Bundesliga,2,21,Germany,68,69,68,67,896531,110329
28,/team/28/hamburger-sv/240002,Hamburger SV,20,2. Bundesliga,2,21,Germany,71,71,71,70,1552477,110329
29,/team/29/kaiserslautern/240002,Kaiserslautern,20,2. Bundesliga,2,21,Germany,69,70,68,69,896509,110532
31,/team/31/fc-koln/240002,FC K√∂ln,19,Bundesliga,1,21,Germany,74,73,74,73,29676,23
32,/team/32/bayer-04-leverkusen/240002,Bayer 04 Leverkusen,19,Bundesliga,1,21,Germany,80,81,81,79,511,31
33,/team/33/1860-munchen/240002,1860 M√ºnchen,2076,3. Liga,3,21,Germany,65,66,65,64,458706,111239
34,/team/34/schalke-04/240002,Schalke 04,20,2. Bundesliga,2,21,Germany,71,71,70,71,896514,22
36,/team/36/vfb-stuttgart/240002,VfB Stuttgart,19,Bundesliga,1,21,Germany,73,76,73,73,38217,25
38,/team/38/werder-bremen/240002,Werder Bremen,19,Bundesliga,1,21,Germany,74,75,74,74,20693423,28
115845,/team/39/atalanta/240002,Atalanta,31,Serie A,1,27,Italy,78,79,77,77,456038,47
44,/team/44/inter/240002,Inter,31,Serie A,1,27,Italy,82,81,82,82,128160,47
45,/team/45/juventus/240002,Juventus,31,Serie A,1,27,Italy,80,81,80,79,455957,44
115841,/team/46/lazio/240002,Lazio,31,Serie A,1,27,Italy,80,81,79,80,455926,52
47,/team/47/milan/240002,Milan,31,Serie A,1,27,Italy,80,81,79,81,459100,44
116365,/team/48/napoli/240002,Napoli,31,Serie A,1,27,Italy,81,82,82,80,523905,45
50,/team/50/parma/240002,Parma,32,Serie B,2,27,Italy,70,68,69,65,130528,189
114912,/team/52/roma/240002,Roma,31,Serie A,1,27,Italy,80,82,78,81,455375,46
54,/team/54/torino/240002,Torino,31,Serie A,1,27,Italy,75,76,74,76,127980,45
55,/team/55/udinese/240002,Udinese,31,Serie A,1,27,Italy,74,74,73,74,1553200,48
57,/team/57/auxerre/240002,Auxerre,17,Ligue 2,2,18,France,68,68,68,69,456247,294
58,/team/58/bastia/240002,Bastia,17,Ligue 2,2,18,France,66,65,69,64,1677031,614
59,/team/59/bordeaux/240002,Bordeaux,17,Ligue 2,2,18,France,69,70,68,70,529830,219
62,/team/62/guingamp/240002,Guingamp,17,Ligue 2,2,18,France,67,67,66,66,94341,378
64,/team/64/lens/240002,Lens,16,Ligue 1,1,18,France,77,77,76,77,896608,65
65,/team/65/lille/240002,Lille,16,Ligue 1,1,18,France,76,77,75,75,455945,64
66,/team/66/olympique-lyonnais/240002,Olympique Lyonnais,16,Ligue 1,1,18,France,76,77,75,76,94575,1819
68,/team/68/metz/240002,Metz,16,Ligue 1,1,18,France,70,69,68,71,2158433,76
69,/team/69/monaco/240002,Monaco,16,Ligue 1,1,1037,Monaco,77,81,77,75,455978,72
70,/team/70/montpellier/240002,Montpellier,16,Ligue 1,1,18,France,73,68,75,73,456603,219
71,/team/71/nantes/240002,Nantes,16,Ligue 1,1,18,France,73,73,73,73,361268,74
72,/team/72/nice/240002,Nice,16,Ligue 1,1,18,France,76,77,76,75,243,69
73,/team/73/paris-saint-germain/240002,Paris Saint Germain,16,Ligue 1,1,18,France,83,86,79,83,523959,219
74,/team/74/rennes/240002,Rennes,16,Ligue 1,1,18,France,76,77,78,74,523953,71
76,/team/76/strasbourg/240002,Strasbourg,16,Ligue 1,1,18,France,72,72,72,72,37558369,68
77,/team/77/aberdeen/240002,Aberdeen,50,Premiership,1,42,Scotland,67,70,66,66,2508,86
78,/team/78/celtic/240002,Celtic,50,Premiership,1,42,Scotland,74,74,75,71,896460,86
80,/team/80/hearts/240002,Hearts,50,Premiership,1,42,Scotland,70,71,67,69,912,81
81,/team/81/hibernian/240002,Hibernian,50,Premiership,1,42,Scotland,67,66,68,65,5125,80
82,/team/82/kilmarnock/240002,Kilmarnock,50,Premiership,1,42,Scotland,63,64,62,64,896462,100805
83,/team/83/motherwell/240002,Motherwell,50,Premiership,1,42,Scotland,63,61,63,62,172638,86
86,/team/86/rangers/240002,Rangers,50,Premiership,1,42,Scotland,73,72,74,74,37633958,78
88,/team/88/birmingham-city/240002,Birmingham City,14,Championship,2,14,England,69,69,69,69,2146,2
89,/team/89/charlton-athletic/240002,Charlton Athletic,60,League One,3,14,England,66,62,66,65,37559807,97
91,/team/91/derby-county/240002,Derby County,60,League One,3,14,England,67,66,66,67,3311,14
92,/team/92/grimsby-town/240002,Grimsby Town,61,League Two,4,14,England,62,63,62,62,17867632,149
94,/team/94/ipswich-town/240002,Ipswich Town,14,Championship,2,14,England,69,68,69,69,37524146,1792
95,/team/95/leicester-city/240002,Leicester City,14,Championship,2,14,England,75,73,76,75,107439,14
97,/team/97/millwall/240002,Millwall,14,Championship,2,14,England,70,72,71,70,455453,19
106,/team/106/sunderland/240002,Sunderland,14,Championship,2,14,England,69,57,68,69,455344,13
109,/team/109/west-bromwich-albion/240002,West Bromwich Albion,14,Championship,2,14,England,71,70,72,70,37453069,110
110,/team/110/wolverhampton-wanderers/240002,Wolverhampton Wanderers,13,Premier League,1,14,England,76,75,77,76,474728,109
121,/team/121/crewe-alexandra/240002,Crewe Alexandra,61,League Two,4,14,England,60,62,60,61,10249,1928
127,/team/127/shrewsbury-town/240002,Shrewsbury Town,60,League One,3,14,England,64,64,63,63,277,1803
142,/team/142/doncaster-rovers/240002,Doncaster Rovers,61,League Two,4,14,England,61,62,60,61,1749,1797
143,/team/143/exeter-city/240002,Exeter City,60,League One,3,14,England,63,63,63,63,10629,1929
144,/team/144/fulham/240002,Fulham,13,Premier League,1,14,England,77,76,77,76,455424,15
149,/team/149/lincoln-city/240002,Lincoln City,60,League One,3,14,England,64,65,64,64,2198,92
159,/team/159/dsc-arminia-bielefeld/240002,DSC Arminia Bielefeld,2076,3. Liga,3,21,Germany,65,66,65,63,39433,10030
160,/team/160/vfl-bochum-1848/240002,VfL Bochum 1848,19,Bundesliga,1,21,Germany,73,74,73,73,526236,34
165,/team/165/spvgg-greuther-furth/240002,SpVgg Greuther F√ºrth,20,2. Bundesliga,2,21,Germany,68,67,68,67,524311,171
166,/team/166/hertha-bsc/240002,Hertha BSC,20,2. Bundesliga,2,21,Germany,71,70,70,72,29582,1831
169,/team/169/fsv-mainz-05/240002,FSV Mainz 05,19,Bundesliga,1,21,Germany,75,77,75,74,29535,1824
171,/team/171/nurnberg/240002,N√ºrnberg,20,2. Bundesliga,2,21,Germany,69,65,67,67,29842,165
172,/team/172/unterhaching/240002,Unterhaching,2076,3. Liga,3,21,Germany,62,63,61,63,30996,33
175,/team/175/vfl-wolfsburg/240002,VfL Wolfsburg,19,Bundesliga,1,21,Germany,77,76,78,75,524537,485
180,/team/180/dundee/240002,Dundee,50,Premiership,1,42,Scotland,62,60,62,62,37699018,100804
189,/team/189/bologna/240002,Bologna,31,Serie A,1,27,Italy,74,73,76,73,95726,110374
190,/team/190/brescia/240002,Brescia,32,Serie B,2,27,Italy,68,67,67,68,128192,39
191,/team/191/salzburg/240002,Salzburg,80,Bundesliga,1,4,Austria,73,69,73,73,1854915,254
205,/team/205/venezia/240002,Venezia,32,Serie B,2,27,Italy,69,70,68,69,127811,206
206,/team/206/hellas-verona/240002,Hellas Verona,31,Serie A,1,27,Italy,74,71,74,74,455848,48
209,/team/209/sturm-graz/240002,Sturm Graz,80,Bundesliga,1,4,Austria,70,69,71,70,1452203,254
210,/team/210/caen/240002,Caen,17,Ligue 2,2,18,France,68,68,67,69,524286,1738
211,/team/211/dinamo-zagreb/240002,Dinamo Zagreb,317,1. HNL,1,10,Croatia,71,70,72,71,74546,263
217,/team/217/lorient/240002,Lorient,16,Ligue 1,1,18,France,73,73,73,73,529482,74
219,/team/219/olympique-de-marseille/240002,Olympique de Marseille,16,Ligue 1,1,18,France,78,77,78,78,33525,73
229,/team/229/anderlecht/240002,Anderlecht,4,Jupiler Pro League,1,7,Belgium,74,72,75,71,37637489,232
230,/team/230/antwerp/240002,Antwerp,4,Jupiler Pro League,1,7,Belgium,73,76,72,73,24381,231
231,/team/231/club-brugge/240002,Club Brugge,4,Jupiler Pro League,1,7,Belgium,74,72,74,72,37337215,229
232,/team/232/standard-liege/240002,Standard Li√®ge,4,Jupiler Pro League,1,7,Belgium,70,69,68,68,121,229
234,/team/234/benfica/240002,Benfica,308,Liga Portugal,1,38,Portugal,79,80,81,77,883017,236
236,/team/236/porto/240002,Porto,308,Liga Portugal,1,38,Portugal,78,78,78,77,523928,234
237,/team/237/sporting-cp/240002,Sporting CP,308,Liga Portugal,1,38,Portugal,77,78,77,78,158158,234
240,/team/240/atletico-madrid/240002,Atl√©tico Madrid,53,La Liga,1,45,Spain,83,85,82,81,452946,243
241,/team/241/fc-barcelona/240002,FC Barcelona,53,La Liga,1,45,Spain,84,84,84,83,184942,243
243,/team/243/real-madrid/240002,Real Madrid,53,La Liga,1,45,Spain,85,85,85,83,455800,241
244,/team/244/real-zaragoza/240002,Real Zaragoza,54,La Liga 2,2,45,Spain,70,70,70,70,460096,110839
245,/team/245/ajax/240002,Ajax,10,Eredivisie,1,34,Netherlands,75,77,74,73,458500,246
246,/team/246/feyenoord/240002,Feyenoord,10,Eredivisie,1,34,Netherlands,76,76,74,77,23180,245
247,/team/247/psv/240002,PSV,10,Eredivisie,1,34,Netherlands,76,78,74,75,455958,245
252,/team/252/lask-linz/240002,LASK Linz,80,Bundesliga,1,4,Austria,69,69,70,69,12789649,110720
254,/team/254/rapid-wien/240002,Rapid Wien,80,Bundesliga,1,4,Austria,68,73,67,68,460566,256
256,/team/256/austria-wien/240002,Austria Wien,80,Bundesliga,1,4,Austria,68,63,68,67,37666625,254
260,/team/260/tenerife/240002,Tenerife,54,La Liga 2,2,45,Spain,70,72,70,70,456258,472
263,/team/263/hajduk-split/240002,Hajduk Split,317,1. HNL,1,10,Croatia,71,77,70,70,60303,211
266,/team/266/slavia-praha/240002,Slavia Praha,319,Fortuna Liga,1,12,Czech Republic,73,71,74,74,455705,267
267,/team/267/sparta-praha/240002,Sparta Praha,319,Fortuna Liga,1,12,Czech Republic,73,73,73,74,34455285,266
269,/team/269/brondby/240002,Br√∏ndby,1,Superliga,1,13,Denmark,69,71,71,68,459118,819
270,/team/270/silkeborg/240002,Silkeborg,1,Superliga,1,13,Denmark,66,65,66,65,457779,1516
271,/team/271/agf/240002,AGF,1,Superliga,1,13,Denmark,70,71,68,69,524374,269
272,/team/272/ob/240002,OB,1,Superliga,1,13,Denmark,65,65,66,65,465296,271
278,/team/278/aek-athens/240002,AEK Athens,63,Super League,1,22,Greece,75,76,75,74,6642560,1884
294,/team/294/troyes/240002,Troyes,17,Ligue 2,2,18,France,68,67,68,67,1631,379
298,/team/298/rosenborg/240002,Rosenborg,41,Eliteserien,1,36,Norway,67,66,67,66,456524,417
299,/team/299/lillestrom/240002,Lillestr√∏m,41,Eliteserien,1,36,Norway,65,63,67,65,149978,920
300,/team/300/viking/240002,Viking,41,Eliteserien,1,36,Norway,67,69,65,66,153005,1463
301,/team/301/widzew-lodz/240002,Widzew Lodz,66,Ekstraklasa,1,37,Poland,64,65,65,63,37556790,1871
305,/team/305/bohemians/240002,Bohemians,65,Premier Division,1,25,Republic of Ireland,60,61,60,60,30850931,306
306,/team/306/shamrock-rovers/240002,Shamrock Rovers,65,Premier Division,1,25,Republic of Ireland,63,64,61,63,120775,305
308,/team/308/universitatea-craiova/240002,Universitatea Craiova,330,Liga 1,1,39,Romania,67,68,68,65,460024,115716
310,/team/310/rapid-bucuresti/240002,Rapid Bucuresti,330,Liga 1,1,39,Romania,66,67,65,66,25567014,100761
319,/team/319/ifk-goteborg/240002,IFK G√∂teborg,56,Allsvenskan,1,46,Sweden,66,68,63,66,16845924,320
320,/team/320/malmo-ff/240002,Malm√∂ FF,56,Allsvenskan,1,46,Sweden,70,71,70,70,37646925,319
321,/team/321/halmstad/240002,Halmstad,56,Allsvenskan,1,46,Sweden,63,62,61,64,452677,113743
322,/team/322/grasshopper/240002,Grasshopper,189,Super League,1,47,Switzerland,65,64,65,65,3960,894
324,/team/324/servette/240002,Servette,189,Super League,1,47,Switzerland,68,69,70,67,896511,1862
325,/team/325/galatasaray/240002,Galatasaray,68,Super Lig,1,48,Turkey,78,80,79,78,199988,326
326,/team/326/fenerbahce/240002,Fenerbah√ße,68,Super Lig,1,48,Turkey,77,78,76,74,2823348,325
327,/team/327/besiktas/240002,Be≈üikta≈,68,Super Lig,1,48,Turkey,75,75,76,75,455836,
347,/team/347/lecce/240002,Lecce,31,Serie A,1,27,Italy,72,74,68,72,131252,1848
357,/team/357/morecambe/240002,Morecambe,61,League Two,4,14,England,60,57,60,61,524027,110313
361,/team/361/stevenage/240002,Stevenage,60,League One,3,14,England,63,62,64,64,524208,1923
378,/team/378/brest/240002,Brest,16,Ligue 1,1,18,France,72,72,73,72,95212,62
379,/team/379/stade-de-reims/240002,Stade de Reims,16,Ligue 1,1,18,France,73,69,75,72,5961878,294
381,/team/381/barrow/240002,Barrow,61,League Two,4,14,England,62,61,61,61,28184231,357
383,/team/383/palmeiras/240002,Palmeiras,7,Serie A,1,54,Brazil,76,78,77,74,2511092,598
393,/team/393/paok/240002,PAOK,63,Super League,1,22,Greece,72,72,73,70,458545,278
417,/team/417/molde/240002,Molde,41,Eliteserien,1,36,Norway,68,69,68,68,32396043,298
418,/team/418/tromso/240002,Troms√∏,41,Eliteserien,1,36,Norway,63,61,64,62,469995,918
420,/team/420/gornik-zabrze/240002,G√≥rnik Zabrze,66,Ekstraklasa,1,37,Poland,65,63,65,65,586852,1871
422,/team/422/cork-city/240002,Cork City,65,Premier Division,1,25,Republic of Ireland,57,58,58,56,2615,834
423,/team/423/st-patricks/240002,St Patrick's,65,Premier Division,1,25,Republic of Ireland,61,60,61,60,121795,306
433,/team/433/aik/240002,AIK,56,Allsvenskan,1,46,Sweden,67,65,64,67,184993,710
436,/team/436/trabzonspor/240002,Trabzonspor,68,Super Lig,1,48,Turkey,74,73,75,71,463191,326
445,/team/445/derry-city/240002,Derry City,65,Premier Division,1,35,Northern Ireland,62,60,62,61,978850,563
448,/team/448/athletic-club/240002,Athletic Club,53,La Liga,1,45,Spain,79,77,79,77,470943,457
449,/team/449/real-betis/240002,Real Betis,53,La Liga,1,45,Spain,79,83,79,77,523898,481
450,/team/450/celta-de-vigo/240002,Celta de Vigo,53,La Liga,1,45,Spain,76,79,76,75,455387,110242
452,/team/452/espanyol/240002,Espanyol,54,La Liga 2,2,45,Spain,74,76,74,74,62986,241
453,/team/453/mallorca/240002,Mallorca,53,La Liga,1,45,Spain,76,77,77,74,896798,483
456,/team/456/racing-santander/240002,Racing Santander,54,La Liga 2,2,45,Spain,69,67,69,68,9950240,448
457,/team/457/real-sociedad/240002,Real Sociedad,53,La Liga,1,45,Spain,79,79,81,79,530755,448
459,/team/459/sporting-gijon/240002,Sporting Gij√≥n,54,La Liga 2,2,45,Spain,70,69,69,71,36083600,110827
461,/team/461/valencia/240002,Valencia,53,La Liga,1,45,Spain,75,74,74,76,185095,1853
462,/team/462/real-valladolid/240002,Real Valladolid,54,La Liga 2,2,45,Spain,72,71,72,72,186071,459
463,/team/463/deportivo-alaves/240002,Deportivo Alav√©s,53,La Liga,1,45,Spain,72,73,73,73,16111977,448
467,/team/467/sd-eibar/240002,SD Eibar,54,La Liga 2,2,45,Spain,71,71,72,71,185262,457
468,/team/468/elche/240002,Elche,54,La Liga 2,2,45,Spain,72,73,71,71,453012,1853
472,/team/472/las-palmas/240002,Las Palmas,53,La Liga,1,45,Spain,74,75,75,72,7330518,260
479,/team/479/osasuna/240002,Osasuna,53,La Liga,1,45,Spain,77,77,77,77,456423,448
480,/team/480/rayo-vallecano/240002,Rayo Vallecano,53,La Liga,1,45,Spain,76,76,77,77,464975,100888
481,/team/481/sevilla/240002,Sevilla,53,La Liga,1,45,Spain,80,80,79,82,523931,449
483,/team/483/villarreal/240002,Villarreal,53,La Liga,1,45,Spain,79,79,80,77,1068543,461
485,/team/485/hannover-96/240002,Hannover 96,20,2. Bundesliga,2,21,Germany,70,67,70,70,33182,110500
487,/team/487/osnabruck/240002,Osnabr√ºck,20,2. Bundesliga,2,21,Germany,67,66,68,66,35472,531
489,/team/489/farense/240002,Farense,308,Liga Portugal,1,38,Portugal,69,68,69,67,1452584,10031
492,/team/492/wehen-wiesbaden/240002,Wehen Wiesbaden,20,2. Bundesliga,2,21,Germany,66,65,64,66,896508,169
503,/team/503/dynamo-dresden/240002,Dynamo Dresden,2076,3. Liga,3,21,Germany,65,65,66,64,344426,506
506,/team/506/erzgebirge-aue/240002,Erzgebirge Aue,2076,3. Liga,3,21,Germany,64,66,64,63,120141,503
517,/team/517/botafogo/240002,Botafogo,7,Serie A,1,54,Brazil,71,71,72,70,21412795,567
518,/team/518/chaves/240002,Chaves,308,Liga Portugal,1,38,Portugal,69,68,69,70,5159,111539
523,/team/523/saarbrucken/240002,Saarbr√ºcken,2076,3. Liga,3,21,Germany,66,65,66,66,33148,29
526,/team/526/rot-weiss-essen/240002,Rot-Weiss Essen,2076,3. Liga,3,21,Germany,64,64,64,64,29839,1825
531,/team/531/preussen-munster/240002,Preu√üen M√ºnster,2076,3. Liga,3,21,Germany,63,64,64,61,1552555,159
543,/team/543/jahn-regensburg/240002,Jahn Regensburg,2076,3. Liga,3,21,Germany,64,63,64,63,459010,111239
561,/team/561/forest-green-rovers/240002,Forest Green Rovers,61,League Two,4,14,England,63,62,61,63,37376822,1936
563,/team/563/sligo-rovers/240002,Sligo Rovers,65,Premier Division,1,25,Republic of Ireland,59,63,58,60,120469,445
567,/team/567/fluminense/240002,Fluminense,7,Serie A,1,54,Brazil,72,74,72,72,459133,1043
570,/team/570/ternana/240002,Ternana,32,Serie B,2,27,Italy,67,70,65,68,1553030,1847
576,/team/576/holstein-kiel/240002,Holstein Kiel,20,2. Bundesliga,2,21,Germany,68,68,68,67,35399,110329
580,/team/580/elversberg/240002,Elversberg,20,2. Bundesliga,2,21,Germany,66,66,66,66,1548455,523
598,/team/598/sao-paulo/240002,S√£o Paulo,7,Serie A,1,54,Brazil,73,72,73,73,460565,383
605,/team/605/al-hilal/240002,Al Hilal,350,Pro League,1,183,Saudi Arabia,77,79,79,74,523923,112139
607,/team/607/al-ittihad/240002,Al Ittihad,350,Pro League,1,183,Saudi Arabia,77,83,79,70,455991,112387
614,/team/614/ajaccio/240002,Ajaccio,17,Ligue 2,2,18,France,68,67,69,67,455815,58
621,/team/621/livingston/240002,Livingston,50,Premiership,1,42,Scotland,64,64,64,63,19256146,81
631,/team/631/ross-county/240002,Ross County,50,Premiership,1,42,Scotland,63,63,64,62,6971069,77
634,/team/634/fortuna-sittard/240002,Fortuna Sittard,10,Eredivisie,1,34,Netherlands,68,67,68,68,23316,1905
645,/team/645/fc-volendam/240002,FC Volendam,10,Eredivisie,1,34,Netherlands,64,64,63,64,33203634,111380
670,/team/670/sporting-charleroi/240002,Sporting Charleroi,4,Jupiler Pro League,1,7,Belgium,70,69,71,67,1030184,232
673,/team/673/genk/240002,Genk,4,Jupiler Pro League,1,7,Belgium,73,71,72,73,3533861,680
674,/team/674/gent/240002,Gent,4,Jupiler Pro League,1,7,Belgium,72,73,72,70,896519,231
680,/team/680/sint-truiden/240002,Sint-Truiden,4,Jupiler Pro League,1,7,Belgium,65,64,65,66,460467,673
681,/team/681/westerlo/240002,Westerlo,4,Jupiler Pro League,1,7,Belgium,69,68,69,68,31205,110724
687,/team/687/columbus-crew/240002,Columbus Crew,39,Major League Soccer,1,95,United States,68,71,69,66,37563973,113149
688,/team/688/dc-united/240002,DC United,39,Major League Soccer,1,95,United States,68,69,70,67,579,689
689,/team/689/new-york-rb/240002,New York RB,39,Major League Soccer,1,95,United States,68,67,67,68,32013107,112828
691,/team/691/new-england/240002,New England,39,Major League Soccer,1,95,United States,70,70,71,69,37460590,689
693,/team/693/chicago-fire/240002,Chicago Fire,39,Major League Soccer,1,95,United States,68,68,69,68,37604884,691
694,/team/694/colorado-rapids/240002,Colorado Rapids,39,Major League Soccer,1,95,United States,68,67,65,67,20326070,111065
695,/team/695/dallas/240002,Dallas,39,Major League Soccer,1,95,United States,69,73,71,65,37608726,698
696,/team/696/sporting-kansas-city/240002,Sporting Kansas City,39,Major League Soccer,1,95,United States,69,72,70,66,524398,698
697,/team/697/la-galaxy/240002,LA Galaxy,39,Major League Soccer,1,95,United States,70,70,69,68,516577,112996
698,/team/698/houston-dynamo/240002,Houston Dynamo,39,Major League Soccer,1,95,United States,68,64,68,66,524083,695
700,/team/700/elfsborg/240002,Elfsborg,56,Allsvenskan,1,46,Sweden,66,66,63,67,457107,319
702,/team/702/norrkoping/240002,Norrk√∂ping,56,Allsvenskan,1,46,Sweden,65,64,65,63,37296110,320
708,/team/708/hammarby/240002,Hammarby,56,Allsvenskan,1,46,Sweden,65,64,63,65,18932187,710
710,/team/710/djurgarden/240002,Djurg√•rden,56,Allsvenskan,1,46,Sweden,66,66,68,66,458730,433
711,/team/711/hacken/240002,H√§cken,56,Allsvenskan,1,46,Sweden,69,66,70,68,896740,319
718,/team/718/estrela-amadora/240002,Estrela Amadora,308,Liga Portugal,1,38,Portugal,68,68,67,69,463840,10020
741,/team/741/antalyaspor/240002,Antalyaspor,68,Super Lig,1,48,Turkey,69,71,69,69,4115,113142
744,/team/744/rio-ave/240002,Rio Ave,308,Liga Portugal,1,38,Portugal,70,69,70,70,1553235,1896
746,/team/746/istanbulspor/240002,ƒ∞stanbulspor,68,Super Lig,1,48,Turkey,66,64,65,66,201088,111117
748,/team/748/samsunspor/240002,Samsunspor,68,Super Lig,1,48,Turkey,70,70,71,67,460980,436
781,/team/781/austria-lustenau/240002,Austria Lustenau,80,Bundesliga,1,4,Austria,65,66,64,63,1547985,15009
819,/team/819/kobenhavn/240002,K√∏benhavn,1,Superliga,1,13,Denmark,72,70,73,72,117955,269
822,/team/822/vejle/240002,Vejle,1,Superliga,1,13,Denmark,64,63,64,64,13980935,271
834,/team/834/shelbourne/240002,Shelbourne,65,Premier Division,1,25,Republic of Ireland,59,60,57,59,382,305
837,/team/837/dundalk/240002,Dundalk,65,Premier Division,1,25,Republic of Ireland,61,65,60,60,120666,1572
873,/team/873/lech-poznan/240002,Lech Pozna≈ÅE66,Ekstraklasa,1,37,Poland,69,73,69,68,523929,Sanderson Park (FIFA 13 NEW generic),4
874,/team/874/ruch-chorzow/240002,Ruch Chorz√≥w,66,Ekstraklasa,1,37,Poland,62,63,62,62,1552966,111086
894,/team/894/zurich/240002,Z√ºrich,189,Super League,1,47,Switzerland,67,66,69,67,37663443,322
896,/team/896/basel/240002,Basel,189,Super League,1,47,Switzerland,69,68,69,67,11298706,900
897,/team/897/luzern/240002,Luzern,189,Super League,1,47,Switzerland,67,64,70,66,127536,898
898,/team/898/st-gallen/240002,St. Gallen,189,Super League,1,47,Switzerland,68,66,69,67,455701,897
900,/team/900/young-boys/240002,Young Boys,189,Super League,1,47,Switzerland,71,74,69,69,37577611,896
917,/team/917/stabaek/240002,Stab√¶k,41,Eliteserien,1,36,Norway,64,66,64,64,896475,920
918,/team/918/bodo-glimt/240002,Bod√∏ / Glimt,41,Eliteserien,1,36,Norway,70,69,71,71,452732,418
919,/team/919/brann/240002,Brann,41,Eliteserien,1,36,Norway,65,65,64,65,152235,920
920,/team/920/valerenga/240002,V√•lerenga,41,Eliteserien,1,36,Norway,66,65,67,66,37457571,299
922,/team/922/stromsgodset/240002,Str√∏msgodset,41,Eliteserien,1,36,Norway,64,62,64,65,368745,920
980,/team/980/daejeon-citizen/240002,Daejeon Citizen,83,K League 1,1,167,Korea Republic,66,66,67,65,37563984,983
982,/team/982/seoul/240002,Seoul,83,K League 1,1,167,Korea Republic,67,60,68,67,37523318,983
983,/team/983/suwon-bluewings/240002,Suwon Bluewings,83,K League 1,1,167,Korea Republic,66,64,69,65,22536116,982
1013,/team/1013/san-lorenzo/240002,San Lorenzo,353,Liga Profesional,1,52,Argentina,72,71,72,73,34492065,111711
1035,/team/1035/atletico-mineiro/240002,Atl√©tico Mineiro,7,Serie A,1,54,Brazil,75,77,75,76,452916,567
1039,/team/1039/athletico-paranaense/240002,Athletico Paranaense,7,Serie A,1,54,Brazil,74,74,72,76,526223,1053
1041,/team/1041/corinthians/240002,Corinthians,7,Serie A,1,54,Brazil,73,74,73,74,784461,383
1043,/team/1043/flamengo/240002,Flamengo,7,Serie A,1,54,Brazil,76,77,76,75,9938631,567
1048,/team/1048/internacional/240002,Internacional,7,Serie A,1,54,Brazil,74,71,74,75,251872,1041
1053,/team/1053/santos/240002,Santos,7,Serie A,1,54,Brazil,73,74,73,72,455809,1035
1318,/team/1318/england/240002,England,78,Friendly International,,14,England,85,86,83,83,474589,1337
1325,/team/1325/belgium/240002,Belgium,78,Friendly International,,7,Belgium,81,82,80,77,893655,105035
1328,/team/1328/croatia/240002,Croatia,78,Friendly International,,10,Croatia,79,78,82,78,896785,1886
1330,/team/1330/czech-republic/240002,Czech Republic,78,Friendly International,,12,Czech Republic,76,76,76,75,524176,1337
1331,/team/1331/denmark/240002,Denmark,78,Friendly International,,13,Denmark,79,76,80,79,458506,1363
1334,/team/1334/finland/240002,Finland,78,Friendly International,,17,Finland,70,70,70,67,474417,1363
1335,/team/1335/france/240002,France,78,Friendly International,,18,France,84,85,85,83,474616,1343
1337,/team/1337/germany/240002,Germany,78,Friendly International,,21,Germany,84,84,83,83,37352367,1318
1341,/team/1341/iceland/240002,Iceland,78,Friendly International,,24,Iceland,71,71,70,71,474444,1331
1343,/team/1343/italy/240002,Italy,78,Friendly International,,27,Italy,83,82,83,82,523897,1335
1352,/team/1352/norway/240002,Norway,78,Friendly International,,36,Norway,76,91,78,74,523962,1363
1353,/team/1353/poland/240002,Poland,78,Friendly International,,37,Poland,77,85,75,74,896314,1337
1354,/team/1354/portugal/240002,Portugal,78,Friendly International,,38,Portugal,84,86,84,83,474796,1362
1355,/team/1355/republic-of-ireland/240002,Republic of Ireland,78,Friendly International,,25,Republic of Ireland,72,71,71,73,536978,110081
1356,/team/1356/romania/240002,Romania,78,Friendly International,,39,Romania,71,70,72,69,883002,1886
1359,/team/1359/scotland/240002,Scotland,78,Friendly International,,42,Scotland,76,70,76,76,6983788,1318
1362,/team/1362/spain/240002,Spain,78,Friendly International,,45,Spain,83,82,85,82,37354677,1343
1363,/team/1363/sweden/240002,Sweden,78,Friendly International,,46,Sweden,76,78,77,74,474427,1331
1366,/team/1366/ukraine/240002,Ukraine,78,Friendly International,,49,Ukraine,75,73,77,73,204364,1367
1367,/team/1367/wales/240002,Wales,78,Friendly International,,50,Wales,73,73,74,73,896501,1318
1369,/team/1369/argentina/240002,Argentina,78,Friendly International,,52,Argentina,83,85,83,83,127611,1337
1386,/team/1386/mexico/240002,Mexico,78,Friendly International,,83,Mexico,77,77,76,74,251867,1387
1387,/team/1387/united-states/240002,United States,78,Friendly International,,95,United States,75,76,75,74,455860,1386
1439,/team/1439/kalmar/240002,Kalmar,56,Allsvenskan,1,46,Sweden,64,64,65,65,17177187,112072
1443,/team/1443/viborg/240002,Viborg,1,Superliga,1,13,Denmark,66,64,67,66,27440829,1516
1456,/team/1456/odd/240002,Odd,41,Eliteserien,1,36,Norway,62,60,62,63,37430188,1757
1463,/team/1463/haugesund/240002,Haugesund,41,Eliteserien,1,36,Norway,63,63,64,62,6972209,300
1473,/team/1473/ulsan/240002,Ulsan,83,K League 1,1,167,Korea Republic,70,72,69,69,452818,1474
1474,/team/1474/pohang-steelers/240002,Pohang Steelers,83,K League 1,1,167,Korea Republic,67,71,67,69,319508,1473
1477,/team/1477/jeonbuk-motors/240002,Jeonbuk Motors,83,K League 1,1,167,Korea Republic,70,69,70,70,319820,983
1478,/team/1478/jeju-united/240002,Jeju United,83,K League 1,1,167,Korea Republic,67,67,64,67,942499,982
1480,/team/1480/carlisle-united/240002,Carlisle United,60,League One,3,14,England,63,62,64,63,37354684,381
1516,/team/1516/midtjylland/240002,Midtjylland,1,Superliga,1,13,Denmark,71,69,70,72,457649,1443
1530,/team/1530/angers-sco/240002,Angers SCO,17,Ligue 2,2,18,France,69,70,70,69,97031,1814
1572,/team/1572/drogheda-united/240002,Drogheda United,65,Premier Division,1,25,Republic of Ireland,57,56,58,57,37618984,837
1704,/team/1704/yverdon-sport/240002,Yverdon Sport,189,Super League,1,47,Switzerland,65,63,65,64,458689,1862
1713,/team/1713/winterthur/240002,Winterthur,189,Super League,1,47,Switzerland,64,65,64,63,19616058,894
1738,/team/1738/le-havre/240002,Le Havre,16,Ligue 1,1,18,France,70,70,70,71,3187813,210
1744,/team/1744/modena/240002,Modena,32,Serie B,2,27,Italy,67,67,67,68,127755,189
1745,/team/1745/como/240002,Como,32,Serie B,2,27,Italy,70,71,70,68,462195,111811
1746,/team/1746/empoli/240002,Empoli,31,Serie A,1,27,Italy,73,74,74,72,10269848,110374
1750,/team/1750/cercle-brugge/240002,Cercle Brugge,4,Jupiler Pro League,1,7,Belgium,67,68,65,66,26328630,231
1755,/team/1755/aalesund/240002,Aalesund,41,Eliteserien,1,36,Norway,63,62,62,63,1553165,417
1756,/team/1756/hamkam/240002,HamKam,41,Eliteserien,1,36,Norway,64,64,63,64,458446,920
1757,/team/1757/sandefjord/240002,Sandefjord,41,Eliteserien,1,36,Norway,61,64,60,61,37555966,1456
1786,/team/1786/randers/240002,Randers,1,Superliga,1,13,Denmark,67,66,64,66,12036309,271
1787,/team/1787/austria-klagenfurt/240002,Austria Klagenfurt,80,Bundesliga,1,4,Austria,65,64,65,67,463195,111822
1788,/team/1788/nordsjaelland/240002,Nordsj√¶lland,1,Superliga,1,13,Denmark,68,69,68,68,37680707,15001
1790,/team/1790/portsmouth/240002,Portsmouth,60,League One,3,14,England,65,70,64,66,3428,17
1792,/team/1792/norwich-city/240002,Norwich City,14,Championship,2,14,England,72,70,72,71,524257,94
1793,/team/1793/reading/240002,Reading,60,League One,3,14,England,66,59,65,64,37684524,1951
1794,/team/1794/sheffield-united/240002,Sheffield United,13,Premier League,1,14,England,73,72,74,72,10127,1807
1795,/team/1795/watford/240002,Watford,14,Championship,2,14,England,70,70,71,69,896570,1923
1796,/team/1796/burnley/240002,Burnley,13,Premier League,1,14,England,74,69,74,73,9954,3
1797,/team/1797/rotherham-united/240002,Rotherham United,14,Championship,2,14,England,67,67,68,65,2733,1807
1798,/team/1798/milton-keynes-dons/240002,Milton Keynes Dons,61,League Two,4,14,England,64,65,63,63,523983,1938
1799,/team/1799/crystal-palace/240002,Crystal Palace,13,Premier League,1,14,England,76,75,76,76,1346,1808
1800,/team/1800/coventry-city/240002,Coventry City,14,Championship,2,14,England,70,71,71,70,455489,95
1801,/team/1801/preston-north-end/240002,Preston North End,14,Championship,2,14,England,70,69,70,68,8170,1926
1802,/team/1802/gillingham/240002,Gillingham,61,League Two,4,14,England,63,63,64,63,3038,1934
1803,/team/1803/walsall/240002,Walsall,61,League Two,4,14,England,62,62,61,62,2141,127
1804,/team/1804/bradford-city/240002,Bradford City,61,League Two,4,14,England,63,63,63,61,455458,8
1805,/team/1805/grenoble-foot-38/240002,Grenoble Foot 38,17,Ligue 2,2,18,France,67,65,67,67,94233,66
1806,/team/1806/stoke-city/240002,Stoke City,14,Championship,2,14,England,70,71,70,69,173023,1928
1807,/team/1807/sheffield-wednesday/240002,Sheffield Wednesday,14,Championship,2,14,England,68,68,69,67,106189,1794
1808,/team/1808/brighton-hove-albion/240002,Brighton & Hove Albion,13,Premier League,1,14,England,77,77,77,78,127889,1799
1809,/team/1809/toulouse/240002,Toulouse,16,Ligue 1,1,18,France,71,75,71,72,37700640,59
1814,/team/1814/laval/240002,Laval,17,Ligue 2,2,18,France,67,67,67,66,456483,1530
1815,/team/1815/clermont/240002,Clermont,16,Ligue 1,1,18,France,72,71,72,71,530329,1819
1816,/team/1816/amiens-sc/240002,Amiens SC,17,Ligue 2,2,18,France,68,67,68,65,95070,65
1819,/team/1819/saint-etienne/240002,Saint-√âtienne,17,Ligue 2,2,18,France,71,70,70,71,94064,66
1824,/team/1824/eintracht-frankfurt/240002,Eintracht Frankfurt,19,Bundesliga,1,21,Germany,76,76,76,75,32849,169
1825,/team/1825/msv-duisburg/240002,MSV Duisburg,2076,3. Liga,3,21,Germany,64,65,64,64,460646,526
1829,/team/1829/vfb-lubeck/240002,VfB L√ºbeck,2076,3. Liga,3,21,Germany,64,63,64,62,37581419,576
1831,/team/1831/fc-union-berlin/240002,FC Union Berlin,19,Bundesliga,1,21,Germany,77,77,75,77,455712,166
1832,/team/1832/karlsruher-sc/240002,Karlsruher SC,20,2. Bundesliga,2,21,Germany,69,74,70,68,30044,29
1837,/team/1837/sampdoria/240002,Sampdoria,32,Serie B,2,27,Italy,69,70,68,68,127989,110556
1842,/team/1842/cagliari/240002,Cagliari,31,Serie A,1,27,Italy,72,72,72,71,128311,48
1843,/team/1843/palermo/240002,Palermo,32,Serie B,2,27,Italy,70,72,70,70,127492,111657
1846,/team/1846/lecco/240002,Lecco,32,Serie B,2,27,Italy,65,65,66,65,14011820,1745
1847,/team/1847/ascoli/240002,Ascoli,32,Serie B,2,27,Italy,68,67,67,68,130460,206
1848,/team/1848/bari-1908/240002,Bari 1908,32,Serie B,2,27,Italy,69,63,69,68,130912,347
1853,/team/1853/levante/240002,Levante,54,La Liga 2,2,45,Spain,71,70,70,71,185346,461
1854,/team/1854/albacete/240002,Albacete,54,La Liga 2,2,45,Spain,69,69,69,69,533871,1853
1860,/team/1860/getafe/240002,Getafe,53,La Liga,1,45,Spain,76,82,76,75,524009,100888
1861,/team/1861/almeria/240002,Almer√≠a,53,La Liga,1,45,Spain,75,75,74,74,185336,110832
1862,/team/1862/lausanne-sport/240002,Lausanne Sport,189,Super League,1,47,Switzerland,67,67,68,65,29608,115201
1871,/team/1871/legia-warszawa/240002,Legia Warszawa,66,Ekstraklasa,1,37,Poland,68,68,69,67,896549,873
1874,/team/1874/ferencvaros/240002,Ferencv√°ros,64,NB I.,1,23,Hungary,71,71,71,70,127597,254
1876,/team/1876/river-plate/240002,River Plate,353,Liga Profesional,1,52,Argentina,76,75,77,75,1398,1877
1877,/team/1877/boca-juniors/240002,Boca Juniors,353,Liga Profesional,1,52,Argentina,75,76,73,75,37646001,1876
1884,/team/1884/panathinaikos/240002,Panathinaikos,63,Super League,1,22,Greece,74,74,75,72,11311416,278
1886,/team/1886/hungary/240002,Hungary,78,Friendly International,,23,Hungary,75,73,72,74,457036,1356
1887,/team/1887/vitoria-sc/240002,Vit√≥ria SC,308,Liga Portugal,1,38,Portugal,71,70,72,69,37675108,1896
1888,/team/1888/gil-vicente/240002,Gil Vicente,308,Liga Portugal,1,38,Portugal,68,66,69,66,1552838,112809
1896,/team/1896/sporting-braga/240002,Sporting Braga,308,Liga Portugal,1,38,Portugal,76,77,77,75,37522422,1887
1898,/team/1898/boavista/240002,Boavista,308,Liga Portugal,1,38,Portugal,69,67,70,70,6971228,1887
1900,/team/1900/moreirense/240002,Moreirense,308,Liga Portugal,1,38,Portugal,68,68,68,68,1552520,1887
1903,/team/1903/fc-utrecht/240002,FC Utrecht,10,Eredivisie,1,34,Netherlands,70,67,70,70,456555,245
1905,/team/1905/rkc-waalwijk/240002,RKC Waalwijk,10,Eredivisie,1,34,Netherlands,66,66,64,67,523972,634
1906,/team/1906/az-alkmaar/240002,AZ Alkmaar,10,Eredivisie,1,34,Netherlands,73,71,73,71,459182,245
1908,/team/1908/fc-twente/240002,FC Twente,10,Eredivisie,1,34,Netherlands,71,70,70,73,22158402,100634
1909,/team/1909/vitesse/240002,Vitesse,10,Eredivisie,1,34,Netherlands,68,67,69,67,23029,1910
1910,/team/1910/nec/240002,NEC,10,Eredivisie,1,34,Netherlands,69,70,68,68,23707,1909
1913,/team/1913/sc-heerenveen/240002,SC Heerenveen,10,Eredivisie,1,34,Netherlands,69,70,69,68,32031640,1909
1914,/team/1914/pec-zwolle/240002,PEC Zwolle,10,Eredivisie,1,34,Netherlands,66,68,66,66,33968968,100632
1917,/team/1917/wigan-athletic/240002,Wigan Athletic,60,League One,3,14,England,65,67,63,64,1334,4
1919,/team/1919/bristol-city/240002,Bristol City,14,Championship,2,14,England,69,67,70,69,896553,1962
1923,/team/1923/luton-town/240002,Luton Town,13,Premier League,1,14,England,72,72,72,72,562,1795
1925,/team/1925/brentford/240002,Brentford,13,Premier League,1,14,England,76,75,76,76,24427744,15
1926,/team/1926/blackpool/240002,Blackpool,60,League One,3,14,England,66,66,65,66,2823538,1801
1928,/team/1928/port-vale/240002,Port Vale,60,League One,3,14,England,63,62,63,64,37533538,1806
1929,/team/1929/plymouth-argyle/240002,Plymouth Argyle,14,Championship,2,14,England,67,67,67,67,7101,143
1930,/team/1930/northampton-town/240002,Northampton Town,60,League One,3,14,England,63,65,64,63,37430718,1938
1931,/team/1931/stockport-county/240002,Stockport County,61,League Two,4,14,England,64,63,65,63,1467959,121
1932,/team/1932/barnsley/240002,Barnsley,60,League One,3,14,England,66,64,67,63,1752,1794
1933,/team/1933/wycombe-wanderers/240002,Wycombe Wanderers,60,League One,3,14,England,65,64,65,64,7464,1935
1934,/team/1934/swindon-town/240002,Swindon Town,61,League Two,4,14,England,62,62,62,61,2133,1951
1935,/team/1935/colchester-united/240002,Colchester United,61,League Two,4,14,England,62,59,61,61,37386304,94
1936,/team/1936/cheltenham-town/240002,Cheltenham Town,60,League One,3,14,England,63,63,62,63,22136573,561
1937,/team/1937/notts-county/240002,Notts County,61,League Two,4,14,England,62,66,63,60,524299,14
1938,/team/1938/peterborough-united/240002,Peterborough United,60,League One,3,14,England,65,71,65,65,455607,1944
1939,/team/1939/huddersfield-town/240002,Huddersfield Town,14,Championship,2,14,England,68,68,66,67,384,8
1940,/team/1940/mansfield-town/240002,Mansfield Town,61,League Two,4,14,England,63,62,63,63,455570,149
1943,/team/1943/afc-bournemouth/240002,AFC Bournemouth,13,Premier League,1,14,England,75,75,75,74,270,17
1944,/team/1944/cambridge-united/240002,Cambridge United,60,League One,3,14,England,63,63,63,64,27048405,1938
1947,/team/1947/wrexham/240002,Wrexham,61,League Two,4,50,Wales,65,59,63,65,6983785,127
1951,/team/1951/oxford-united/240002,Oxford United,60,League One,3,14,England,65,65,65,65,25187743,1934
1952,/team/1952/hull-city/240002,Hull City,14,Championship,2,14,England,70,69,71,70,126,8
1958,/team/1958/leyton-orient/240002,Leyton Orient,60,League One,3,14,England,64,64,64,63,2103,19
1960,/team/1960/swansea-city/240002,Swansea City,14,Championship,2,50,Wales,69,70,70,67,1458,1961
1961,/team/1961/cardiff-city/240002,Cardiff City,14,Championship,2,50,Wales,70,70,71,68,465167,1960
1962,/team/1962/bristol-rovers/240002,Bristol Rovers,60,League One,3,14,England,64,65,65,63,658,1919
1968,/team/1968/cadiz/240002,C√°diz,53,La Liga,1,45,Spain,75,74,75,73,184794,481
1971,/team/1971/excelsior/240002,Excelsior,10,Eredivisie,1,34,Netherlands,66,65,65,65,4187834,100646
2013,/team/2013/as-eupen/240002,AS Eupen,4,Jupiler Pro League,1,7,Belgium,66,67,67,65,460266,232
2014,/team/2014/union-saint-gilloise/240002,Union Saint-Gilloise,4,Jupiler Pro League,1,7,Belgium,70,68,70,71,35571,229
2017,/team/2017/hartberg/240002,Hartberg,80,Bundesliga,1,4,Austria,65,64,65,64,1552672,209
2056,/team/2056/daegu/240002,Daegu,83,K League 1,1,167,Korea Republic,66,69,65,65,37646004,1474
8001,/team/8001/rwdm/240002,RWDM,4,Jupiler Pro League,1,7,Belgium,68,69,66,67,60374,229
10020,/team/10020/estoril/240002,Estoril,308,Liga Portugal,1,38,Portugal,69,69,66,69,23386218,114510
10029,/team/10029/tsg-hoffenheim/240002,TSG Hoffenheim,19,Bundesliga,1,21,Germany,76,77,76,75,45305,36
10030,/team/10030/paderborn/240002,Paderborn,20,2. Bundesliga,2,21,Germany,69,71,67,69,896619,159
10031,/team/10031/portimonense/240002,Portimonense,308,Liga Portugal,1,38,Portugal,69,69,69,67,20694532,489
10032,/team/10032/lugano/240002,Lugano,189,Super League,1,47,Switzerland,67,69,69,64,198883,900
10846,/team/10846/burgos/240002,Burgos,54,La Liga 2,2,45,Spain,69,69,70,69,524834,110069
15001,/team/15001/lyngby/240002,Lyngby,1,Superliga,1,13,Denmark,65,63,66,64,37524040,1788
15009,/team/15009/rheindorf-altach/240002,Rheindorf Altach,80,Bundesliga,1,4,Austria,64,64,64,64,51400,781
15015,/team/15015/burton-albion/240002,Burton Albion,60,League One,3,14,England,64,64,64,64,11018,91
15040,/team/15040/wsg-tirol/240002,WSG Tirol,80,Bundesliga,1,4,Austria,65,63,66,64,452862,15009
15048,/team/15048/tranmere-rovers/240002,Tranmere Rovers,61,League Two,4,14,England,61,62,61,60,524223,4
100081,/team/100081/kortrijk/240002,Kortrijk,4,Jupiler Pro League,1,7,Belgium,68,70,67,66,37575018,674
100087,/team/100087/oh-leuven/240002,OH Leuven,4,Jupiler Pro League,1,7,Belgium,69,65,69,67,1533127,110724
100135,/team/100135/apoel/240002,APOEL,318,1. Division,1,11,Cyprus,69,70,68,66,459237,1884
100325,/team/100325/hjk/240002,HJK,322,Veikkausliiga,1,17,Finland,65,63,65,64,459829,320
100409,/team/100409/fc-augsburg/240002,FC Augsburg,19,Bundesliga,1,21,Germany,74,72,74,74,38927,21
100632,/team/100632/go-ahead-eagles/240002,Go Ahead Eagles,10,Eredivisie,1,34,Netherlands,66,67,66,67,455925,1914
100634,/team/100634/heracles-almelo/240002,Heracles Almelo,10,Eredivisie,1,34,Netherlands,67,67,66,66,2510291,1908
100646,/team/100646/sparta-rotterdam/240002,Sparta Rotterdam,10,Eredivisie,1,34,Netherlands,67,67,68,66,1552387,246
100757,/team/100757/dinamo-bucuresti/240002,Dinamo Bucure≈üti,330,Liga 1,1,39,Romania,64,65,65,63,31312,100761
100761,/team/100761/fcsb/240002,FCSB,330,Liga 1,1,39,Romania,68,70,69,68,126283,310
100804,/team/100804/st-johnstone/240002,St. Johnstone,50,Premiership,1,42,Scotland,64,63,63,62,4724,180
100805,/team/100805/st-mirren/240002,St. Mirren,50,Premiership,1,42,Scotland,64,62,68,64,524215,80
100831,/team/100831/alcorcon/240002,Alcorc√≥n,54,La Liga 2,2,45,Spain,67,69,67,67,896662,480
100851,/team/100851/fc-cartagena/240002,FC Cartagena,54,La Liga 2,2,45,Spain,69,68,69,70,455788,468
100888,/team/100888/leganes/240002,Legan√©s,54,La Liga 2,2,45,Spain,68,69,68,69,526440,1860
101007,/team/101007/ankaragucu/240002,Ankarag√ºc√º,68,Super Lig,1,48,Turkey,70,71,70,68,37468495,101033
101014,/team/101014/istanbul-basaksehir/240002,ƒ∞stanbul Ba≈üak≈üehir,68,Super Lig,1,48,Turkey,71,73,71,71,30462,325
101016,/team/101016/adana-demirspor/240002,Adana Demirspor,68,Super Lig,1,48,Turkey,72,71,74,73,23836,741
101020,/team/101020/kayserispor/240002,Kayserispor,68,Super Lig,1,48,Turkey,66,66,68,66,7693712,101041
101028,/team/101028/hatayspor/240002,Hatayspor,68,Super Lig,1,48,Turkey,67,69,67,67,200291,110776
101033,/team/101033/konyaspor/240002,Konyaspor,68,Super Lig,1,48,Turkey,70,68,70,70,893669,101020
101037,/team/101037/rizespor/240002,Rizespor,68,Super Lig,1,48,Turkey,67,69,66,64,3568847,436
101041,/team/101041/sivasspor/240002,Sivasspor,68,Super Lig,1,48,Turkey,69,72,69,66,200010,101020
101047,/team/101047/dynamo-kyiv/240002,Dynamo Kyiv,332,Premier League,1,49,Ukraine,71,69,71,70,459149,101059
101059,/team/101059/shakhtar-donetsk/240002,Shakhtar Donetsk,332,Premier League,1,49,Ukraine,71,74,71,70,37553752,101047
101083,/team/101083/estudiantes/240002,Estudiantes,353,Liga Profesional,1,52,Argentina,72,73,72,72,213970,101084
101084,/team/101084/gimnasia-la-plata/240002,Gimnasia La Plata,353,Liga Profesional,1,52,Argentina,68,69,68,68,896665,101083
101085,/team/101085/racing-club/240002,Racing Club,353,Liga Profesional,1,52,Argentina,73,74,73,73,128851,110093
101088,/team/101088/velez-sarsfield/240002,V√©lez Sarsfield,353,Liga Profesional,1,52,Argentina,70,73,70,71,37686837,1013
101097,/team/101097/audax-italiano/240002,Audax Italiano,335,Primera Division,1,55,Chile,65,70,65,64,232735,110980
101100,/team/101100/atletico-nacional/240002,Atl√©tico Nacional,336,Liga BetPlay,1,56,Colombia,70,69,70,70,37703266,101103
101101,/team/101101/junior/240002,Junior,336,Liga BetPlay,1,56,Colombia,69,74,69,69,1030277,101100
101103,/team/101103/independiente-medellin/240002,Independiente Medell√≠n,336,Liga BetPlay,1,56,Colombia,70,71,70,68,468683,101100
101104,/team/101104/santa-fe/240002,Santa Fe,336,Liga BetPlay,1,56,Colombia,67,73,67,68,470494,101105
101105,/team/101105/millonarios/240002,Millonarios,336,Liga BetPlay,1,56,Colombia,71,72,70,71,3526244,101104
101108,/team/101108/olimpia/240002,Olimpia,337,Primera Divisi√≥n,1,58,Paraguay,70,69,69,69,37686419,112716
101110,/team/101110/penarol/240002,Pe√±arol,338,Primera Division,1,60,Uruguay,70,72,70,69,468683,111325
101112,/team/101112/vancouver-whitecaps/240002,Vancouver Whitecaps,39,Major League Soccer,1,70,Canada,68,70,68,68,37590075,111144
105035,/team/105035/netherlands/240002,Netherlands,78,Friendly International,,34,Netherlands,82,82,81,83,455372,1337
110062,/team/110062/girona/240002,Girona,53,La Liga,1,45,Spain,76,77,76,76,186018,452
110069,/team/110069/mirandes/240002,Mirand√©s,54,La Liga 2,2,45,Spain,66,64,66,66,37553756,463
110072,/team/110072/otelul-galati/240002,O»õelul Gala»õi,330,Liga 1,1,39,Romania,62,61,63,60,7688644,310
110075,/team/110075/ssc-farul/240002,SSC Farul,330,Liga 1,1,39,Romania,67,65,69,65,524523,113182
110078,/team/110078/petrolul-52/240002,Petrolul 52,330,Liga 1,1,39,Romania,64,63,65,64,37682967,310
110081,/team/110081/northern-ireland/240002,Northern Ireland,78,Friendly International,,35,Northern Ireland,69,66,71,70,474652,1355
110093,/team/110093/independiente/240002,Independiente,353,Liga Profesional,1,52,Argentina,71,71,72,71,252,101085
110176,/team/110176/ulm/240002,Ulm,2076,3. Liga,3,21,Germany,62,62,61,62,37524250,36
110178,/team/110178/sandhausen/240002,Sandhausen,2076,3. Liga,3,21,Germany,65,68,64,65,24073443,1832
110242,/team/110242/racing-ferrol/240002,Racing Ferrol,54,La Liga 2,2,45,Spain,67,68,68,65,3510275,450
110313,/team/110313/accrington-stanley/240002,Accrington Stanley,61,League Two,4,14,England,61,59,62,59,524572,357
110321,/team/110321/pau/240002,Pau,17,Ligue 2,2,18,France,67,67,66,66,464864,1809
110329,/team/110329/st-pauli/240002,St. Pauli,20,2. Bundesliga,2,21,Germany,69,69,69,70,37679,28
110373,/team/110373/salernitana/240002,Salernitana,31,Serie A,1,27,Italy,73,74,73,71,524018,48
110374,/team/110374/fiorentina/240002,Fiorentina,31,Serie A,1,27,Italy,78,78,77,78,128261,45
110394,/team/110394/arsenal-de-sarandi/240002,Arsenal de Sarandi,353,Liga Profesional,1,52,Argentina,66,65,67,67,252491,111710
110395,/team/110395/lanus/240002,Lan√∫s,353,Liga Profesional,1,52,Argentina,71,71,71,71,468196,110404
110396,/team/110396/newells-old-boys/240002,Newell's Old Boys,353,Liga Profesional,1,52,Argentina,69,68,70,70,3804,110580
110404,/team/110404/banfield/240002,Banfield,353,Liga Profesional,1,52,Argentina,69,70,69,68,765710,110395
110406,/team/110406/colon/240002,Col√≥n,353,Liga Profesional,1,52,Argentina,71,69,71,71,468236,111716
110456,/team/110456/valenciennes/240002,Valenciennes,17,Ligue 2,2,18,France,66,65,65,65,227933,65
110468,/team/110468/viktoria-plzen/240002,Viktoria Plze≈,319,Fortuna Liga,1,12,Czech Republic,73,72,73,72,458543,
110482,/team/110482/hallescher-fc/240002,Hallescher FC,2076,3. Liga,3,21,Germany,64,64,63,64,35513,110588
110500,/team/110500/eintracht-braunschweig/240002,Eintracht Braunschweig,20,2. Bundesliga,2,21,Germany,67,67,68,67,460205,485
110501,/team/110501/verl/240002,Verl,2076,3. Liga,3,21,Germany,64,64,64,64,417286,487
110502,/team/110502/darmstadt-98/240002,Darmstadt 98,19,Bundesliga,1,21,Germany,71,69,71,71,460255,1824
110532,/team/110532/waldhof-mannheim/240002,Waldhof Mannheim,2076,3. Liga,3,21,Germany,64,64,64,65,460156,29
110556,/team/110556/genoa/240002,Genoa,31,Serie A,1,27,Italy,73,76,73,71,127771,1837
110580,/team/110580/rosario-central/240002,Rosario Central,353,Liga Profesional,1,52,Argentina,70,64,71,70,465612,110396
110581,/team/110581/patronato/240002,Patronato,353,Liga Profesional,1,52,Argentina,63,61,65,63,37326181,111716
110588,/team/110588/magdeburg/240002,Magdeburg,20,2. Bundesliga,2,21,Germany,68,68,68,68,2206526,110482
110636,/team/110636/fortuna-dusseldorf/240002,Fortuna D√ºsseldorf,20,2. Bundesliga,2,21,Germany,70,69,70,70,33212,31
110645,/team/110645/viktoria-koln/240002,Viktoria K√∂ln,2076,3. Liga,3,21,Germany,65,63,65,65,896532,31
110676,/team/110676/borussia-dortmund-ii/240002,Borussia Dortmund II,2076,3. Liga,3,21,Germany,63,63,63,62,39105,1825
110691,/team/110691/freiburg-ii/240002,Freiburg II,2076,3. Liga,3,21,Germany,62,63,62,61,198296,1832
110720,/team/110720/blau-weiss-linz/240002,Blau-Wei√ÅELinz,80,Bundesliga,1,4,Austria,62,64,62,61,1552550,252
110724,/team/110724/mechelen/240002,Mechelen,4,Jupiler Pro League,1,7,Belgium,68,67,69,68,4665,100087
110738,/team/110738/pisa/240002,Pisa,32,Serie B,2,27,Italy,70,66,70,67,727,110374
110740,/team/110740/reggiana/240002,Reggiana,32,Serie B,2,27,Italy,67,66,67,64,128120,50
110741,/team/110741/spezia/240002,Spezia,32,Serie B,2,27,Italy,70,69,72,70,1553203,110556
110745,/team/110745/jagiellonia-bialystok/240002,Jagiellonia Bia≈Çystok,66,Ekstraklasa,1,37,Poland,65,70,64,64,37691812,1871
110746,/team/110746/pogon-szczecin/240002,Pogo≈ÅESzczecin,66,Ekstraklasa,1,37,Poland,68,68,67,67,460391,110747
110747,/team/110747/cracovia-krakow/240002,Cracovia Krak√≥w,66,Ekstraklasa,1,37,Poland,65,65,66,65,456647,110746
110749,/team/110749/zaglebie-lubin/240002,Zag≈Çƒôbie Lubin,66,Ekstraklasa,1,37,Poland,66,66,66,65,4977578,111092
110750,/team/110750/uta-arad/240002,UTA Arad,330,Liga 1,1,39,Romania,64,64,64,64,1030209,113378
110751,/team/110751/universitatea-cluj/240002,Universitatea Cluj,330,Liga 1,1,39,Romania,65,66,65,65,37468473,110816
110752,/team/110752/botosani/240002,Boto≈üani,330,Liga 1,1,39,Romania,63,61,64,64,77126,308
110765,/team/110765/incheon-united/240002,Incheon United,83,K League 1,1,167,Korea Republic,67,68,70,66,465969,982
110776,/team/110776/gaziantep-fk/240002,Gaziantep F.K.,68,Super Lig,1,48,Turkey,69,68,70,68,456665,101028
110799,/team/110799/sutton-united/240002,Sutton United,61,League Two,4,14,England,61,61,61,62,34455769,112259
110815,/team/110815/csm-politehnica-iasi/240002,CSM Politehnica Ia»ôi,330,Liga 1,1,39,Romania,63,61,63,63,459363,110752
110816,/team/110816/cfr-cluj/240002,CFR Cluj,330,Liga 1,1,39,Romania,67,66,68,66,896647,110751
110827,/team/110827/real-oviedo/240002,Real Oviedo,54,La Liga 2,2,45,Spain,70,69,71,70,456409,459
110832,/team/110832/granada/240002,Granada,53,La Liga,1,45,Spain,73,76,72,72,533904,449
110839,/team/110839/huesca/240002,Huesca,54,La Liga 2,2,45,Spain,69,68,68,69,533879,244
110890,/team/110890/crawley-town/240002,Crawley Town,61,League Two,4,14,England,60,58,60,60,15322,112259
110902,/team/110902/villarreal-ii/240002,Villarreal II,54,La Liga 2,2,45,Spain,65,65,66,65,5967966,1853
110908,/team/110908/catanzaro/240002,Catanzaro,32,Serie B,2,27,Italy,66,68,65,66,465900,112168
110953,/team/110953/instituto/240002,Instituto,353,Liga Profesional,1,52,Argentina,69,71,68,67,212163,111022
110955,/team/110955/shanghai-shenhua/240002,Shanghai Shenhua,2012,Super League,1,155,China PR,66,70,65,64,4916358,112540
110967,/team/110967/blooming/240002,Blooming,2017,Liga De Futbol Prof,1,53,Bolivia,65,67,65,62,10302689,110970
110968,/team/110968/bolivar/240002,Bol√≠var,2017,Liga De Futbol Prof,1,53,Bolivia,67,68,66,66,527267,110969
110969,/team/110969/the-strongest/240002,The Strongest,2017,Liga De Futbol Prof,1,53,Bolivia,67,69,66,65,471459,110968
110970,/team/110970/oriente-petrolero/240002,Oriente Petrolero,2017,Liga De Futbol Prof,1,53,Bolivia,64,67,64,64,16488543,110967
110975,/team/110975/universidad-catolica/240002,Universidad Cat√≥lica,335,Primera Division,1,55,Chile,69,72,69,70,233202,110980
110978,/team/110978/cobresal/240002,Cobresal,335,Primera Division,1,55,Chile,67,71,67,65,5666333,110980
110980,/team/110980/colo-colo/240002,Colo-Colo,335,Primera Division,1,55,Chile,70,68,72,68,474441,110975
110981,/team/110981/barcelona-guayaquil/240002,Barcelona Guayaquil,2018,Liga Pro,1,57,Ecuador,71,73,71,70,127886,110984
110982,/team/110982/deportivo-cuenca/240002,Deportivo Cuenca,2018,Liga Pro,1,57,Ecuador,67,67,67,66,7690603,110986
110984,/team/110984/emelec/240002,Emelec,2018,Liga Pro,1,57,Ecuador,69,70,68,68,467441,110981
110986,/team/110986/ldu-quito/240002,LDU Quito,2018,Liga Pro,1,57,Ecuador,70,71,71,70,524431,110981
110987,/team/110987/aucas/240002,Aucas,2018,Liga Pro,1,57,Ecuador,67,68,66,66,466572,110986
110989,/team/110989/caracas/240002,Caracas,2019,Primera Division,1,61,Venezuela,66,67,66,66,467533,110990
110990,/team/110990/deportivo-tachira/240002,Deportivo T√°chira,2019,Primera Division,1,61,Venezuela,66,67,66,66,1548557,110989
110993,/team/110993/monagas/240002,Monagas,2019,Primera Division,1,61,Venezuela,65,65,65,66,468239,112914
110998,/team/110998/danubio/240002,Danubio,338,Primera Division,1,60,Uruguay,67,67,66,67,232710,101109
111004,/team/111004/tacuary/240002,Tacuary,337,Primera Divisi√≥n,1,58,Paraguay,63,61,64,62,37490282,116295
111008,/team/111008/libertad/240002,Libertad,337,Primera Divisi√≥n,1,58,Paraguay,71,71,68,70,472575,101108
111010,/team/111010/alianza-lima/240002,Alianza Lima,2020,Primera Division,1,59,Peru,70,72,70,71,258416,111013
111011,/team/111011/cienciano/240002,Cienciano,2020,Primera Division,1,59,Peru,67,69,68,66,1477253,111334
111013,/team/111013/sporting-cristal/240002,Sporting Cristal,2020,Primera Division,1,59,Peru,69,69,70,70,526182,111010
111014,/team/111014/universitario/240002,Universitario,2020,Primera Division,1,59,Peru,69,69,70,69,474327,111010
111019,/team/111019/argentinos-juniors/240002,Argentinos Juniors,353,Liga Profesional,1,52,Argentina,71,72,71,71,465797,112689
111022,/team/111022/belgrano/240002,Belgrano,353,Liga Profesional,1,52,Argentina,69,69,69,68,211391,112670
111042,/team/111042/goias/240002,Goi√°s,7,Serie A,1,54,Brazil,69,70,68,69,532733,1035
111052,/team/111052/fortaleza/240002,Fortaleza,7,Serie A,1,54,Brazil,71,71,71,72,212007,1043
111065,/team/111065/real-salt-lake/240002,Real Salt Lake,39,Major League Soccer,1,95,United States,69,72,69,66,524071,694
111083,/team/111083/korona-kielce/240002,Korona Kielce,66,Ekstraklasa,1,37,Poland,64,64,64,63,154708,111088
111085,/team/111085/lks-lodz/240002,≈ÅKS ≈ÅE≥d≈∫,66,Ekstraklasa,1,37,Poland,64,63,64,64,456170,1871
111086,/team/111086/piast-gliwice/240002,Piast Gliwice,66,Ekstraklasa,1,37,Poland,66,67,65,65,108499,420
111088,/team/111088/radomiak-radom/240002,Radomiak Radom,66,Ekstraklasa,1,37,Poland,66,66,66,66,1565617,111083
111092,/team/111092/slask-wroclaw/240002,≈ölƒÅEk Wroc≈Çaw,66,Ekstraklasa,1,37,Poland,64,67,64,64,524496,110749
111111,/team/111111/morocco/240002,Morocco,78,Friendly International,,129,Morocco,78,79,75,79,37593553,111527
111117,/team/111117/fatih-karagumruk/240002,Fatih Karag√ºmr√ºk,68,Super Lig,1,48,Turkey,70,71,69,70,35468,111339
111132,/team/111132/ucd/240002,UCD,65,Premier Division,1,25,Republic of Ireland,55,54,55,55,120550,306
111138,/team/111138/minnesota-united/240002,Minnesota United,39,Major League Soccer,1,95,United States,70,75,70,67,429940,696
111139,/team/111139/cf-montreal/240002,CF Montr√©al,39,Major League Soccer,1,70,Canada,67,67,67,66,24118,111651
111140,/team/111140/portland-timbers/240002,Portland Timbers,39,Major League Soccer,1,95,United States,70,68,71,67,37715426,111144
111144,/team/111144/seattle-sounders/240002,Seattle Sounders,39,Major League Soccer,1,95,United States,70,71,73,69,429937,111140
111235,/team/111235/heidenheim/240002,Heidenheim,19,Bundesliga,1,21,Germany,71,72,70,71,458978,110178
111239,/team/111239/ingolstadt/240002,Ingolstadt,2076,3. Liga,3,21,Germany,65,64,64,66,456450,33
111276,/team/111276/dunkerque/240002,Dunkerque,17,Ligue 2,2,18,France,63,63,65,63,2510462,64
111325,/team/111325/nacional/240002,Nacional,338,Primera Division,1,60,Uruguay,70,70,70,69,896664,101110
111326,/team/111326/liverpool/240002,Liverpool,338,Primera Division,1,60,Uruguay,67,69,68,66,212901,112184
111328,/team/111328/palestino/240002,Palestino,335,Primera Division,1,55,Chile,67,70,66,68,471810,110975
111329,/team/111329/guarani/240002,Guaran√≠,337,Primera Divisi√≥n,1,58,Paraguay,67,71,65,64,257693,101108
111332,/team/111332/estudiantes-merida/240002,Estudiantes M√©rida,2019,Primera Division,1,61,Venezuela,65,65,65,65,4192460,110990
111334,/team/111334/melgar/240002,Melgar,2020,Primera Division,1,59,Peru,68,69,68,68,468645,111011
111339,/team/111339/kasimpasa/240002,Kasƒ±mpa≈üa,68,Super Lig,1,48,Turkey,67,69,67,66,456648,101014
111380,/team/111380/almere-city/240002,Almere City,10,Eredivisie,1,34,Netherlands,65,65,65,65,456391,645
111393,/team/111393/adelaide-united/240002,Adelaide United,351,A-League,1,195,Australia,63,63,62,63,23302395,111397
111395,/team/111395/brisbane-roar/240002,Brisbane Roar,351,A-League,1,195,Australia,62,61,63,63,37486374,111400
111396,/team/111396/central-coast-mariners/240002,Central Coast Mariners,351,A-League,1,195,Australia,62,60,63,62,684,111398
111397,/team/111397/melbourne-victory/240002,Melbourne Victory,351,A-League,1,195,Australia,65,67,65,64,896782,111400
111398,/team/111398/newcastle-jets/240002,Newcastle Jets,351,A-League,1,195,Australia,62,58,64,61,37524058,111396
111399,/team/111399/perth-glory/240002,Perth Glory,351,A-League,1,195,Australia,63,66,62,63,32405384,111766
111400,/team/111400/sydney/240002,Sydney,351,A-League,1,195,Australia,63,65,62,63,17159485,112427
111434,/team/111434/cremonese/240002,Cremonese,32,Serie B,2,27,Italy,71,72,72,70,1553204,1745
111462,/team/111462/ghana/240002,Ghana,78,Friendly International,,117,Ghana,76,77,77,75,523946,1387
111473,/team/111473/new-zealand/240002,New Zealand,78,Friendly International,,198,New Zealand,67,67,66,66,1552328,1318
111527,/team/111527/qatar/240002,Qatar,78,Friendly International,,182,Qatar,68,68,69,68,474615,111111
111539,/team/111539/vizela/240002,Vizela,308,Liga Portugal,1,38,Portugal,68,67,69,69,37600730,112513
111629,/team/111629/east-bengal/240002,East Bengal,2149,Super League,1,159,India,59,66,60,58,22504273,113146
111651,/team/111651/toronto/240002,Toronto,39,Major League Soccer,1,70,Canada,68,73,67,65,9054,111139
111657,/team/111657/frosinone/240002,Frosinone,31,Serie A,1,27,Italy,70,70,70,67,458783,189
111659,/team/111659/rodez/240002,Rodez,17,Ligue 2,2,18,France,65,65,64,65,456991,1809
111674,/team/111674/al-shabab/240002,Al Shabab,350,Pro League,1,183,Saudi Arabia,71,74,70,70,185336,112139
111701,/team/111701/al-ain/240002,Al Ain,2013,Pro League,1,190,United Arab Emirates,69,78,70,68,335781,605
111705,/team/111705/brommapojkarna/240002,Brommapojkarna,56,Allsvenskan,1,46,Sweden,63,61,63,64,469,710
111706,/team/111706/godoy-cruz/240002,Godoy Cruz,353,Liga Profesional,1,52,Argentina,69,69,69,70,31264237,111708
111708,/team/111708/atletico-tucuman/240002,Atl√©tico Tucum√°n,353,Liga Profesional,1,52,Argentina,70,69,71,69,7690084,111716
111710,/team/111710/defensa-y-justicia/240002,Defensa y Justicia,353,Liga Profesional,1,52,Argentina,71,72,71,70,37625768,110394
111711,/team/111711/huracan/240002,Hurac√°n,353,Liga Profesional,1,52,Argentina,70,70,71,69,109688,1013
111715,/team/111715/tigre/240002,Tigre,353,Liga Profesional,1,52,Argentina,70,70,71,70,438064,112689
111716,/team/111716/union-santa-fe/240002,Uni√≥n Santa Fe,353,Liga Profesional,1,52,Argentina,68,67,68,68,212873,110406
111722,/team/111722/deportes-tolima/240002,Deportes Tolima,336,Liga BetPlay,1,56,Colombia,69,69,69,68,37324872,101101
111724,/team/111724/shandong-taishan/240002,Shandong Taishan,2012,Super League,1,155,China PR,68,73,67,68,1452433,111768
111766,/team/111766/wellington-phoenix/240002,Wellington Phoenix,351,A-League,1,198,New Zealand,61,62,62,61,37356457,114023
111768,/team/111768/beijing-guoan/240002,Beijing Guoan,2012,Super League,1,155,China PR,66,71,65,67,1021678,110955
111769,/team/111769/changchun-yatai/240002,Changchun Yatai,2012,Super League,1,155,China PR,64,72,64,62,13225192,112985
111773,/team/111773/shenzhen/240002,Shenzhen,2012,Super League,1,155,China PR,61,61,62,59,311753,111779
111774,/team/111774/tianjin-jinmen-tiger/240002,Tianjin Jinmen Tiger,2012,Super League,1,155,China PR,63,70,65,62,37566900,111768
111779,/team/111779/henan/240002,Henan,2012,Super League,1,155,China PR,64,68,65,63,37607674,111768
111811,/team/111811/monza/240002,Monza,31,Serie A,1,27,Italy,75,75,75,74,128295,1745
111817,/team/111817/paris/240002,Paris,17,Ligue 2,2,18,France,67,68,68,67,37524603,73
111822,/team/111822/wolfsberger-ac/240002,Wolfsberger AC,80,Bundesliga,1,4,Austria,66,67,66,67,37575021,209
111928,/team/111928/san-jose-earthquakes/240002,San Jose Earthquakes,39,Major League Soccer,1,95,United States,70,72,71,68,31238816,697
111974,/team/111974/sassuolo/240002,Sassuolo,31,Serie A,1,27,Italy,75,78,73,72,367568,189
111993,/team/111993/cittadella/240002,Cittadella,32,Serie B,2,27,Italy,65,64,65,64,131125,205
112001,/team/112001/america-mineiro/240002,Am√©rica Mineiro,7,Serie A,1,54,Brazil,70,67,69,71,893783,1035
112072,/team/112072/mjallby/240002,Mj√§llby,56,Allsvenskan,1,46,Sweden,62,62,60,63,1452787,1439
112096,/team/112096/al-ettifaq/240002,Al Ettifaq,350,Pro League,1,183,Saudi Arabia,70,73,73,64,37685707,112883
112115,/team/112115/gangwon/240002,Gangwon,83,K League 1,1,167,Korea Republic,66,66,66,65,453032,1474
112126,/team/112126/varnamo/240002,V√§rnamo,56,Allsvenskan,1,46,Sweden,63,68,63,62,17281534,700
112134,/team/112134/philadelphia-union/240002,Philadelphia Union,39,Major League Soccer,1,95,United States,71,71,71,71,524291,112828
112139,/team/112139/al-nassr/240002,Al Nassr,350,Pro League,1,183,Saudi Arabia,76,86,77,74,464141,605
112163,/team/112163/zhejiang/240002,Zhejiang,2012,Super League,1,155,China PR,64,72,64,62,13991808,110955
112168,/team/112168/cosenza/240002,Cosenza,32,Serie B,2,27,Italy,67,69,67,67,127840,110908
112172,/team/112172/rb-leipzig/240002,RB Leipzig,19,Bundesliga,1,21,Germany,80,82,79,79,29710,22
112184,/team/112184/river-plate/240002,River Plate,338,Primera Division,1,60,Uruguay,67,66,67,67,2876007,111326
112199,/team/112199/sarpsborg-08/240002,Sarpsborg 08,41,Eliteserien,1,36,Norway,65,60,66,62,10626699,920
112222,/team/112222/harrogate-town/240002,Harrogate Town,61,League Two,4,14,England,62,64,61,62,1552186,1804
112224,/team/112224/melbourne-city/240002,Melbourne City,351,A-League,1,195,Australia,66,73,68,65,27814431,111397
112254,/team/112254/newport-county/240002,Newport County,61,League Two,4,50,Wales,60,61,60,60,9882,1961
112258,/team/112258/gwangju/240002,Gwangju,83,K League 1,1,167,Korea Republic,65,64,67,66,37620993,1477
112259,/team/112259/afc-wimbledon/240002,AFC Wimbledon,61,League Two,4,14,England,62,62,62,60,2003,1798
112260,/team/112260/fleetwood-town/240002,Fleetwood Town,60,League One,3,14,England,64,63,63,65,1600,1926
112378,/team/112378/dalian-professional/240002,Dalian Professional,2012,Super League,1,155,China PR,61,64,61,59,37533057,116360
112387,/team/112387/al-ahli-jeddah/240002,Al Ahli Jeddah,350,Pro League,1,183,Saudi Arabia,74,76,76,70,30314,607
112390,/team/112390/al-fateh/240002,Al Fateh,350,Pro League,1,183,Saudi Arabia,69,73,69,66,2511114,112096
112392,/team/112392/al-raed/240002,Al Raed,350,Pro League,1,183,Saudi Arabia,66,68,67,62,456680,112393
112393,/team/112393/al-taawon/240002,Al Taawon,350,Pro League,1,183,Saudi Arabia,66,68,71,61,24445026,112392
112408,/team/112408/al-wahda/240002,Al Wahda,350,Pro League,1,183,Saudi Arabia,68,74,68,67,455743,607
112427,/team/112427/western-sydney-wanderers/240002,Western Sydney Wanderers,351,A-League,1,195,Australia,64,69,63,63,197728,111400
112472,/team/112472/bragantino/240002,Bragantino,7,Serie A,1,54,Brazil,74,74,73,75,216863,1041
112494,/team/112494/sudtirol/240002,S√ºdtirol,32,Serie B,2,27,Italy,66,68,65,64,896634,55
112499,/team/112499/feralpisalo/240002,FeralpiSal√≤,32,Serie B,2,27,Italy,67,64,66,67,608328,111434
112511,/team/112511/warta-poznan/240002,Warta Pozna≈,66,Ekstraklasa,1,37,Poland,65,66,64,65,37529254,
112513,/team/112513/arouca/240002,Arouca,308,Liga Portugal,1,38,Portugal,70,70,69,70,463146,111539
112540,/team/112540/shanghai-port/240002,Shanghai Port,2012,Super League,1,155,China PR,68,69,69,68,37675694,110955
112552,/team/112552/quevilly-rouen/240002,Quevilly Rouen,17,Ligue 2,2,18,France,66,64,66,65,94389,1738
112558,/team/112558/suwon/240002,Suwon,83,K League 1,1,167,Korea Republic,67,68,67,65,37476493,983
112572,/team/112572/al-tai/240002,Al Tai,350,Pro League,1,183,Saudi Arabia,65,65,67,64,163743,112392
112578,/team/112578/rionegro-aguilas/240002,Rionegro √Åguilas,336,Liga BetPlay,1,56,Colombia,68,68,69,69,531488,101100
112585,/team/112585/nublense/240002,√ëublense,335,Primera Division,1,55,Chile,67,70,66,66,233380,110980
112606,/team/112606/orlando-city/240002,Orlando City,39,Major League Soccer,1,95,United States,69,65,71,64,429917,112885
112670,/team/112670/talleres-cordoba/240002,Talleres C√≥rdoba,353,Liga Profesional,1,52,Argentina,72,71,72,71,252450,111022
112689,/team/112689/platense/240002,Platense,353,Liga Profesional,1,52,Argentina,69,68,69,69,468348,111019
112707,/team/112707/magallanes/240002,Magallanes,335,Primera Division,1,55,Chile,66,66,67,65,233202,110980
112713,/team/112713/sarmiento/240002,Sarmiento,353,Liga Profesional,1,52,Argentina,68,69,65,69,37709521,112689
112716,/team/112716/cerro-porteno/240002,Cerro Porte√±o,337,Primera Divisi√≥n,1,58,Paraguay,66,69,65,64,412537,101108
112744,/team/112744/deportivo-pereira/240002,Deportivo Pereira,336,Liga BetPlay,1,56,Colombia,69,70,69,70,36084458,111722
112809,/team/112809/famalicao/240002,Famalic√£o,308,Liga Portugal,1,38,Portugal,70,71,69,70,37257773,1888
112828,/team/112828/new-york-city/240002,New York City,39,Major League Soccer,1,95,United States,69,67,69,69,32431130,689
112883,/team/112883/al-khaleej/240002,Al Khaleej,350,Pro League,1,183,Saudi Arabia,66,65,66,66,1533122,112096
112885,/team/112885/atlanta-united/240002,Atlanta United,39,Major League Soccer,1,95,United States,69,74,69,68,252596,112606
112893,/team/112893/inter-miami/240002,Inter Miami,39,Major League Soccer,1,95,United States,73,77,71,72,37699904,112606
112908,/team/112908/independiente-del-valle/240002,Independiente del Valle,2018,Liga Pro,1,57,Ecuador,71,71,73,69,37614914,110986
112914,/team/112914/metropolitanos/240002,Metropolitanos,2019,Primera Division,1,61,Venezuela,65,65,66,64,282308,110989
112965,/team/112965/central-cordoba-sde/240002,Central Cordoba SdE,353,Liga Profesional,1,52,Argentina,69,71,68,69,467951,111708
112979,/team/112979/nantong-zhiyun/240002,Nantong Zhiyun,2012,Super League,1,155,China PR,61,63,62,60,22909,116360
112985,/team/112985/cangzhou-mighty-lions/240002,Cangzhou Mighty Lions,2012,Super League,1,155,China PR,63,69,61,63,311397,116360
112996,/team/112996/los-angeles-fc/240002,Los Angeles FC,39,Major League Soccer,1,95,United States,72,75,71,72,29838,697
113018,/team/113018/saint-louis-city/240002,Saint Louis City,39,Major League Soccer,1,95,United States,68,71,69,67,30333,696
113029,/team/113029/cesar-vallejo/240002,C√©sar Vallejo,2020,Primera Division,1,59,Peru,66,68,66,67,107528,111014
113037,/team/113037/al-riyadh/240002,Al Riyadh,350,Pro League,1,183,Saudi Arabia,65,70,69,62,37571970,605
113040,/team/113040/northeast-united/240002,NorthEast United,2149,Super League,1,159,India,57,57,61,57,37410430,113146
113044,/team/113044/barracas-central/240002,Barracas Central,353,Liga Profesional,1,52,Argentina,68,69,69,68,470859,111711
113057,/team/113057/al-fayha/240002,Al Fayha,350,Pro League,1,183,Saudi Arabia,68,72,69,65,1552604,112392
113058,/team/113058/abha/240002,Abha,350,Pro League,1,183,Saudi Arabia,67,66,69,64,37621959,113217
113060,/team/113060/al-okhdood/240002,Al Okhdood,350,Pro League,1,183,Saudi Arabia,66,72,66,65,37709925,113217
113142,/team/113142/alanyaspor/240002,Alanyaspor,68,Super Lig,1,48,Turkey,68,69,70,66,199825,741
113146,/team/113146/atk-mohun-bagan/240002,ATK Mohun Bagan,2149,Super League,1,159,India,63,65,64,63,528418,111629
113149,/team/113149/cincinnati/240002,Cincinnati,39,Major League Soccer,1,95,United States,70,70,72,67,261421,687
113182,/team/113182/voluntari/240002,Voluntari,330,Liga 1,1,39,Romania,65,64,64,65,16112171,310
113217,/team/113217/damac/240002,Damac,350,Pro League,1,183,Saudi Arabia,68,67,71,65,456580,113058
113222,/team/113222/al-hazem/240002,Al Hazem,350,Pro League,1,183,Saudi Arabia,65,71,63,63,37621959,112392
113257,/team/113257/odisha-fc/240002,Odisha FC,2149,Super League,1,159,India,59,60,59,59,1553061,114168
113297,/team/113297/chennaiyin/240002,Chennaiyin,2149,Super League,1,159,India,57,62,57,54,896550,113302
113298,/team/113298/goa/240002,Goa,2149,Super League,1,159,India,61,65,62,60,186298,113300
113299,/team/113299/kerala-blasters/240002,Kerala Blasters,2149,Super League,1,159,India,61,64,60,60,60393,113297
113300,/team/113300/mumbai-city/240002,Mumbai City,2149,Super League,1,159,India,62,62,64,61,37524407,113298
113301,/team/113301/hyderabad/240002,Hyderabad,2149,Super League,1,159,India,58,58,60,56,37404937,113300
113302,/team/113302/bengaluru/240002,Bengaluru,2149,Super League,1,159,India,60,62,60,61,523984,113299
113356,/team/113356/amorebieta/240002,Amorebieta,54,La Liga 2,2,45,Spain,66,65,66,67,188253,467
113378,/team/113378/sepsi/240002,Sepsi,330,Liga 1,1,39,Romania,66,65,66,65,25567014,110750
113458,/team/113458/sirius/240002,Sirius,56,Allsvenskan,1,46,Sweden,63,61,65,61,1453115,433
113742,/team/113742/concarneau/240002,Concarneau,17,Ligue 2,2,18,France,64,62,62,64,455827,378
113743,/team/113743/varberg-bois/240002,Varberg BoIS,56,Allsvenskan,1,46,Sweden,61,58,60,62,896261,700
113892,/team/113892/degerfors/240002,Degerfors,56,Allsvenskan,1,46,Sweden,63,62,63,63,191444,433
113926,/team/113926/salford-city/240002,Salford City,61,League Two,4,14,England,63,63,63,64,37336557,1931
114004,/team/114004/stal-mielec/240002,Stal Mielec,66,Ekstraklasa,1,37,Poland,64,66,65,63,13185391,111083
114023,/team/114023/western-united/240002,Western United,351,A-League,1,195,Australia,64,64,65,64,896783,112224
114147,/team/114147/hermannstadt/240002,Hermannstadt,330,Liga 1,1,39,Romania,65,63,65,64,163560,113378
114161,/team/114161/austin/240002,Austin,39,Major League Soccer,1,95,United States,68,68,70,65,261512,698
114162,/team/114162/nashville-sc/240002,Nashville SC,39,Major League Soccer,1,95,United States,69,71,70,69,12562146,112885
114168,/team/114168/jamshedpur/240002,Jamshedpur,2149,Super League,1,159,India,58,64,58,55,1068539,113146
114326,/team/114326/rakow-czestochowa/240002,Rak√≥w Czƒôstochowa,66,Ekstraklasa,1,37,Poland,69,69,69,67,37700791,301
114393,/team/114393/puszcza-niepolomice/240002,Puszcza Niepo≈Çomice,66,Ekstraklasa,1,37,Poland,61,61,62,61,532846,110747
114510,/team/114510/casa-pia/240002,Casa Pia,308,Liga Portugal,1,38,Portugal,69,69,66,70,1552127,10020
114554,/team/114554/fc-andorra/240002,FC Andorra,54,La Liga 2,2,45,Spain,68,65,67,67,10293491,110062
114580,/team/114580/delfin/240002,Delfin,2018,Liga Pro,1,57,Ecuador,65,67,66,63,531536,110986
114582,/team/114582/deportivo-binacional/240002,Deportivo Binacional,2020,Primera Division,1,59,Peru,65,64,67,64,459399,111010
114600,/team/114600/guabira/240002,Guabir√°,2017,Liga De Futbol Prof,1,53,Bolivia,64,61,64,64,785611,110970
114604,/team/114604/macarthur/240002,Macarthur,351,A-League,1,195,Australia,63,72,62,62,4043,111400
114611,/team/114611/academia-puerto-cabello/240002,Academia Puerto Cabello,2019,Primera Division,1,61,Venezuela,67,68,66,67,470310,110990
114628,/team/114628/meizhou-hakka/240002,Meizhou Hakka,2012,Super League,1,155,China PR,61,59,61,63,1846934,116361
114640,/team/114640/charlotte/240002,Charlotte,39,Major League Soccer,1,95,United States,68,73,69,67,37639917,112885
115201,/team/115201/stade-lausanne-ouchy/240002,Stade Lausanne-Ouchy,189,Super League,1,47,Switzerland,64,65,64,63,198279,1862
115202,/team/115202/punjab/240002,Punjab,2149,Super League,1,159,India,55,60,56,52,,113146
115358,/team/115358/palmaflor-del-tropico/240002,Palmaflor del Tr√≥pico,2017,Liga De Futbol Prof,1,53,Bolivia,63,60,63,63,37679561,110967
115494,/team/115494/annecy/240002,Annecy,17,Ligue 2,2,18,France,65,66,65,63,1552334,1805
115716,/team/115716/u-craiova-1948/240002,U Craiova 1948,330,Liga 1,1,39,Romania,66,65,66,65,37659678,308
116007,/team/116007/general-caballero-jlm/240002,General Caballero JLM,337,Primera Divisi√≥n,1,58,Paraguay,64,63,65,64,257375,111008
116295,/team/116295/sportivo-ameliano/240002,Sportivo Ameliano,337,Primera Divisi√≥n,1,58,Paraguay,64,61,65,63,37609245,111004
116360,/team/116360/chengdu-rongcheng/240002,Chengdu Rongcheng,2012,Super League,1,155,China PR,65,70,63,66,896791,116361
116361,/team/116361/wuhan-three-towns/240002,Wuhan Three Towns,2012,Super League,1,155,China PR,68,74,67,68,37694861,111724
131110,/team/131110/eldense/240002,Eldense,54,La Liga 2,2,45,Spain,68,68,66,67,2823359,468
131173,/team/131173/qingdao-hainiu/240002,Qingdao Hainiu,2012,Super League,1,155,China PR,62,70,62,62,37600729,111724
131389,/team/131389/pendikspor/240002,Pendikspor,68,Super Lig,1,48,Turkey,69,70,70,68,452761,111117
